slug,title,authors,author_position,journal,year,volume,issue,pages_or_article_number,doi,pmid,pmcid,publisher_url,open_access_status,publication_type,primary_category,secondary_categories,has_dedicated_page,verification_status,verification_sources,verification_date,notes
adult-human-spinal-cord-nspcs,Transcriptomic and Functional Landscape of Adult Human Spinal Cord NSPCs Compared to iPSC-Derived Neural Progenitor Cells,Sasi Kumar Jagadeesan; Ahmad Galuta; Ryan Vimukthie Sandarage; Eve Chung Tsai,first,Cells,2025,14,2,64,10.3390/cells14020064,39851491,PMC11763936,https://www.mdpi.com/2073-4409/14/2/64,"Yes (MDPI, open access)",Original research,Human Spinal Cord Biology & Regenerative Neuroscience,Neurosurgery & Clinical / Translational Research,yes,search-corroborated (secondary sources; not fetched from primary source directly),https://www.mdpi.com/2073-4409/14/2/64,2026-09-19,
personalized-stem-cell-regeneration-spinal-cord-injury,Personalized Stem Cell-Based Regeneration in Spinal Cord Injury Care,Sasi Kumar Jagadeesan; Ryan Vimukthie Sandarage; Sathya Mathiyalagan; Eve Chung Tsai,first,International Journal of Molecular Sciences,2025,26,8,3874,10.3390/ijms26083874,,PMC12028285,https://www.mdpi.com/1422-0067/26/8/3874,"Yes (MDPI, open access)",Review article,Human Spinal Cord Biology & Regenerative Neuroscience,Neurosurgery & Clinical / Translational Research,yes,search-corroborated (secondary sources; not fetched from primary source directly),https://www.mdpi.com/1422-0067/26/8/3874,2026-09-19,
patient-specific-interneuron-precision-model,Rebuilding Spinal Circuit Function After Spinal Cord Injury Through a Patient-Specific Interneuron Precision Model,Sasi Kumar Jagadeesan; Ryan Vimukthie Sandarage; Eve Chung Tsai,first,Frontiers in Neuroscience,2026,,,1745993,10.3389/fnins.2026.1745993,42318198,PMC13272048,https://www.frontiersin.org/journals/neuroscience/articles/10.3389/fnins.2026.1745993/full,"Yes (Frontiers, open access)",Review / perspective (exact Frontiers article-type label unconfirmed),Human Spinal Cord Biology & Regenerative Neuroscience,Neurosurgery & Clinical / Translational Research,yes,search-corroborated (secondary sources; not fetched from primary source directly),https://www.frontiersin.org/journals/neuroscience/articles/10.3389/fnins.2026.1745993/full,2026-09-19,
spinal-cord-donor-procurement-heterogeneity,Acquisition-Related Heterogeneity in Human Spinal Cord Donors: A 10-Year Organ Donation–Integrated Procurement Cohort for Translational Spinal Cord Injury Research,Sasi Kumar Jagadeesan; Ryan Vimukthie Sandarage; Eve Chung Tsai,first,Neurotrauma Reports,2026,,,,10.1177/2689288X261475797,,PMC13482055,https://journals.sagepub.com/doi/10.1177/2689288X261475797,Likely yes (Neurotrauma Reports is an open-access journal); unconfirmed for this article,Original research (cohort study),Neurosurgery & Clinical / Translational Research,Human Spinal Cord Biology & Regenerative Neuroscience,yes,search-corroborated (secondary sources; not fetched from primary source directly),https://journals.sagepub.com/doi/10.1177/2689288X261475797,2026-09-19,
spinal-cord-tissue-procurement-governance,Governance and Prioritization of Human Spinal Cord Tissue Procurement for Research in an Organ Donation Setting,Sasi Kumar Jagadeesan; Ryan Vimukthie Sandarage; Eve Chung Tsai,first,Biopreservation and Biobanking,2026,,,,10.1177/19475535261443118,42011116,,https://doi.org/10.1177/19475535261443118,Unconfirmed,Protocol / methods paper (institutional governance framework),Neurosurgery & Clinical / Translational Research,Human Spinal Cord Biology & Regenerative Neuroscience,yes,user-confirmed,https://doi.org/10.1177/19475535261443118,2026-09-19,
cervical-spine-pathology-intimate-partner-violence,Cervical Spine Pathology in the Context of Intimate Partner and Interpersonal Violence: A Case Series and Focused Narrative Review,Ryan Vimukthie Sandarage; Emam Khan; Sasi Kumar Jagadeesan; Eve Chung Tsai,middle,Neurotrauma Reports,2026,7,,,10.1177/2689288x261475301,42634724,PMC13499929,https://doi.org/10.1177/2689288x261475301,Likely yes (Neurotrauma Reports is an open-access journal); unconfirmed for this article,Case report / case series (hybrid case series and narrative review),Neurosurgery & Clinical / Translational Research,,yes,search-corroborated (secondary sources; not fetched from primary source directly),https://doi.org/10.1177/2689288x261475301,2026-09-19,
ehr-machine-learning-icu-clinical-deterioration,Development and Internal Validation of an EHR Machine Learning Model for Clinical Deterioration in ICU Linked Inpatients,Sasi Jagadeesan; Pritam Kumar Panda; Ryan Vimukthie Sandarage; Eve C. Tsai,first,Scientific Reports,2026,,,,10.1038/s41598-026-71682-0,,,https://www.nature.com/articles/s41598-026-71682-0,"Yes, CC BY 4.0",Original research,Clinical Machine Learning & Predictive Medicine,,yes,user-confirmed,https://www.nature.com/articles/s41598-026-71682-0,2026-09-19,External validation and prospective operational evaluation are required before clinical use; this model has not been validated outside the MIMIC-IV internal validation described in the paper.
pex11-rim20-lithium-chloride-pgm2-translation,Lithium Chloride Sensitivity Connects the Activity of PEX11 and RIM20 to the Translation of PGM2 and Other mRNAs with Structured 5′-UTRs,Sasi Kumar Jagadeesan; Mustafa Al-Gafari; Maryam Hajikarimlou; Sarah Takallou; Houman Moteshareie; Azam Tayabali; Bahram Samanfar; Myron Smith; Ashkan Golshani,first,Molecular and Cellular Biochemistry,2022,477,11,2643–2656,10.1007/s11010-022-04466-5,35598219,,https://link.springer.com/article/10.1007/s11010-022-04466-5,Unconfirmed,Original research,Yeast Genetics & Cellular Stress Biology,Molecular Genetics & Functional Genomics,yes,user-confirmed,https://link.springer.com/article/10.1007/s11010-022-04466-5,2026-09-19,PMCID not independently verified; a candidate ID surfaced in search was confirmed to belong to a different paper and is deliberately omitted.
dbp7-yrf1-6-licl-pgm2-translation,DBP7 and YRF1-6 Are Involved in Cell Sensitivity to LiCl by Regulating the Translation of PGM2 mRNA,Sasi Kumar Jagadeesan; Mustafa Al-gafari; Jiashu Wang; Sarah Takallou; Danielle Allard; Maryam Hajikarimlou; Thomas David Daniel Kazmirchuk; Houman Moteshareie; Kamaledin B. Said; Reza Nokhbeh; Myron Smith; Bahram Samanfar; Ashkan Golshani,first,International Journal of Molecular Sciences,2023,24,2,1785,10.3390/ijms24021785,36675300,PMC9864399,https://www.mdpi.com/1422-0067/24/2/1785,"Yes (MDPI, open access)",Original research,Yeast Genetics & Cellular Stress Biology,,yes,search-corroborated (secondary sources; not fetched from primary source directly),https://www.mdpi.com/1422-0067/24/2/1785,2026-09-19,
dna-damage-repair-genes-yeast,Discovery and Identification of Genes Involved in DNA Damage Repair in Yeast,Sasi Kumar Jagadeesan; Taylor Potter; Mustafa Al-Gafari; Mohsen Hooshyar; Chamath Minuka Hewapathirana; Sarah Takallou; Maryam Hajikarimlou; Daniel Burnside; Bahram Samanfar; Houman Moteshareie; Myron Smith; Ashkan Golshani,co-first,Gene,2022,831,,146549,10.1016/j.gene.2022.146549,35569766,,https://www.sciencedirect.com/science/article/abs/pii/S0378111922003687,Unconfirmed,Original research,Molecular Genetics & Functional Genomics,Yeast Genetics & Cellular Stress Biology,yes,search-corroborated (secondary sources; not fetched from primary source directly),https://www.sciencedirect.com/science/article/abs/pii/S0378111922003687,2026-09-19,
yap1-cox5a-npr3-oxidative-stress-yeast,Hydrogen Peroxide Sensitivity Connects the Activity of COX5A and NPR3 to the Regulation of YAP1 Expression,Sarah Takallou; Maryam Hajikarimlou; Mustafa Al-Gafari; Jiashu Wang; Sasi Kumar Jagadeesan; Thomas David Daniel Kazmirchuk; Houman Moteshareie; Alex Mulet Indrayanti; Taha Azad; Martin Holcik; Bahram Samanfar; Myron Smith; Ashkan Golshani,middle,The FASEB Journal,2024,,,,10.1096/fj.202300978RR,,,https://faseb.onlinelibrary.wiley.com/doi/full/10.1096/fj.202300978RR,Unconfirmed (FASEB Journal is generally open access),Original research,Yeast Genetics & Cellular Stress Biology,,yes,search-corroborated (secondary sources; not fetched from primary source directly),https://faseb.onlinelibrary.wiley.com/doi/full/10.1096/fj.202300978RR,2026-09-19,
yap1-nce102-cda2-bcs1-oxidative-stress-yeast,"Oxidative Stress-Induced YAP1 Expression Is Regulated by NCE102, CDA2, and BCS1",Sarah Takallou; Maryam Hajikarimlou; Mustafa Al-gafari; Jiashu Wang; Sasi Kumar Jagadeesan; Thomas David Daniel Kazmirchuk; Csenge Arnoczki; Houman Moteshareie; Kamaledin B. Said; Taha Azad; Martin Holcik; Bahram Samanfar; Myron Smith; Ashkan Golshani,middle,The FEBS Journal,2024,291,,4602–4618,10.1111/febs.17243,,,https://febs.onlinelibrary.wiley.com/doi/10.1111/febs.17243,Unconfirmed,Original research,Yeast Genetics & Cellular Stress Biology,,yes,search-corroborated (secondary sources; not fetched from primary source directly),https://febs.onlinelibrary.wiley.com/doi/10.1111/febs.17243,2026-09-19,
lithium-chloride-sensitivity-yeast-translation-2020,Lithium Chloride Sensitivity in Yeast and Regulation of Translation,Maryam Hajikarimlou; Kathryn Hunt; Grace Kirby; Sarah Takallou; Sasi Kumar Jagadeesan; Katayoun Omidi; Mohsen Hooshyar; Daniel Burnside; Houman Moteshareie; Mohan Babu; Myron Smith; Martin Holcik; Bahram Samanfar; Ashkan Golshani,middle,International Journal of Molecular Sciences,2020,21,16,5730,10.3390/ijms21165730,,PMC7461102,https://www.mdpi.com/1422-0067/21/16/5730,"Yes (MDPI, open access)",Original research,Yeast Genetics & Cellular Stress Biology,,yes,search-corroborated (secondary sources; not fetched from primary source directly),https://www.mdpi.com/1422-0067/21/16/5730,2026-09-19,
yta6-ypr096c-lithium-chloride-translation,Sensitivity of Yeast to Lithium Chloride Connects the Activity of YTA6 and YPR096C to Translation of Structured mRNAs,Maryam Hajikarimlou; Houman Moteshareie; Katayoun Omidi; Mohsen Hooshyar; Sarah Shaikho; Thomas Kazmirchuk; Daniel Burnside; Sarah Takallou; Narges Zare; Sasi Kumar Jagadeesan; Nathalie Puchacz; Mohan Babu; Myron Smith; Martin Holcik; Bahram Samanfar; Ashkan Golshani,middle,PLOS ONE,2020,15,7,e0235033,10.1371/journal.pone.0235033,32639961,PMC7343135,https://journals.plos.org/plosone/article?id=10.1371/journal.pone.0235033,"Yes (PLOS ONE, open access)",Original research,Yeast Genetics & Cellular Stress Biology,,yes,search-corroborated (secondary sources; not fetched from primary source directly),https://journals.plos.org/plosone/article?id=10.1371/journal.pone.0235033,2026-09-19,
cymoxanil-dihydrofolate-reductase-rna-synthesis,Cymoxanil Disrupts RNA Synthesis Through Inhibiting the Activity of Dihydrofolate Reductase,Thomas David Daniel Kazmirchuk; Daniel J. Burnside; Jiashu Wang; Sasi Kumar Jagadeesan; Mustafa Al-gafari; Eshan Silva; Taylor Potter; Calvin Bradbury-Jost; Nishka Beersing Ramessur; Brittany Ellis; Sarah Takallou; Maryam Hajikarimlou; Houman Moteshareie; Kamaledin B. Said; Bahram Samanfar; Eugene Fletcher; Ashkan Golshani,middle,Scientific Reports,2024,14,,11695,10.1038/s41598-024-62563-5,38778133,PMC11111663,https://www.nature.com/articles/s41598-024-62563-5,"Yes (Scientific Reports, open access)",Original research,Molecular Genetics & Functional Genomics,Yeast Genetics & Cellular Stress Biology,yes,search-corroborated (secondary sources; not fetched from primary source directly),https://www.nature.com/articles/s41598-024-62563-5,2026-09-19,
caf20-ecm32-pgm2-translation,Investigating the Activities of CAF20 and ECM32 in the Regulation of PGM2 mRNA Translation,Mustafa Al-Gafari; Sasi Kumar Jagadeesan; Thomas David Daniel Kazmirchuk; Sarah Takallou; Jiashu Wang; Maryam Hajikarimlou; Nishka Beersing Ramessur; Waleed Darwish; Calvin Bradbury-Jost; Houman Moteshareie; Kamaledin B. Said; Bahram Samanfar; Ashkan Golshani,middle,Biology,2024,13,11,884,10.3390/biology13110884,39596839,PMC11592143,https://www.mdpi.com/2079-7737/13/11/884,"Yes (MDPI, open access)",Original research,Yeast Genetics & Cellular Stress Biology,,yes,search-corroborated (secondary sources; not fetched from primary source directly),https://www.mdpi.com/2079-7737/13/11/884,2026-09-19,
sars-cov-2-peptide-design-computational,A Computational Approach to Rapidly Design Peptides That Detect SARS-CoV-2 Surface Protein S,Maryam Hajikarimlou; Mohsen Hooshyar; Mohamed Taha Moutaoufik; Khaled A. Aly; Taha Azad; Sarah Takallou; Sasi Kumar Jagadeesan; Sadhna Phanse; Kamaledin B. Said; Bahram Samanfar; John C. Bell; Frank Dehne; Mohan Babu; Ashkan Golshani,middle,NAR Genomics and Bioinformatics,2022,4,3,lqac058,10.1093/nargab/lqac058,36004308,PMC9394169,https://academic.oup.com/nargab/article/4/3/lqac058/6673080,"Yes (Oxford Academic, open access)",Original research,Molecular Genetics & Functional Genomics,,yes,search-corroborated (secondary sources; not fetched from primary source directly),https://academic.oup.com/nargab/article/4/3/lqac058/6673080,2026-09-19,
